ID,Pred_prob
T1,0.996036965380501
T2,4.085259907492236e-09
T3,2.5398441720134674e-06
T4,0.9250922328803801
T5,0.37234985999309195
T6,0.7025720731888899
T7,0.00029725912900329423
T8,1.1056688459556766e-07
T9,0.9778756558192775
T10,0.00039329272171874954
T11,4.700858156570412e-09
T12,0.33559969682444263
T13,0.08330331381902686
T14,3.2116189239700813e-08
T15,0.00011553048364857678
T16,5.421991022506824e-08
T17,0.689036094096011
T18,0.5810095651785355
T19,0.9997029547763103
T20,0.9996933869020308
T21,0.9999599342473889
T22,0.9835457341075019
T23,0.002276819723372641
T24,0.7351119481039204
T25,0.10262385990717278
T26,0.0013074998609089775
T27,0.9975724879828736
T28,0.9996373617463308
T29,0.9999294415727494
T30,0.9953122345394668
T31,0.9961960972949759
T32,0.1147750258655496
T33,0.008116298126773933
T34,0.1355610665877395
T35,3.2312344484383006e-08
T36,0.4520239311685816
T37,0.9998158508155182
T38,0.9999586520282377
T39,0.9714410510920276
T40,0.31340121132947607
T41,0.05188743746521146
T42,0.7926743457161315
T43,0.9999877681607405
T44,0.1133756359065539
T45,0.00011650068904036957
T46,0.006334260321051582
T47,1.7796191831456497e-11
T48,0.02203037561922779
T49,0.9999302924959244
T50,0.9606825691736451
T51,9.919492545841727e-05
T52,0.07031630227005611
T53,0.9891240522077599
T54,0.9400314236577036
T55,0.948230869869606
T56,0.9569124216282443
T57,0.001874412805799238
T58,0.5381996162719744
T59,0.9999931555478117
T60,0.7333171893606554
T61,0.8416048082638676
T62,0.37677132066338126
T63,0.043172438420314554
T64,0.7654433764249424
T65,0.9997963725432918
T66,0.7891826288657505
T67,0.9486622561702405
T68,0.9527377057454348
T69,0.23734142809553763
T70,0.4816296608081586
T71,0.9502561458690103
T72,0.979317261879314
T73,0.8017170822323572
T74,0.5303243195768672
T75,0.4180710712801582
T76,0.8339039708193189
T77,0.6308112735460262
T78,0.0003452860057281466
T79,8.001173029708594e-05
T80,0.9442297159147804
T81,0.08754021668877882
T82,0.0029226607910449397
T83,0.23703375246271716
T84,0.9991681602497113
T85,1.836956259691817e-05
T86,2.2874679461804495e-06
T87,0.9049121867496879
T88,0.999564553672333
T89,0.9990949342599669
T90,0.9999998265084402
T91,0.9774036125877869
T92,0.9998787586788594
T93,0.9999535804846852
T94,0.9997289233722263
T95,0.9999999271438733
T96,0.9987573096592748
T97,0.9879286809379082
T98,0.9999988483687074
T99,0.9992453667012441
T100,0.6644309217037673
T101,1.2433494692678246e-05
T102,4.4924311114997415e-07
T103,8.250275234726309e-05
T104,0.9997650003274418
T105,0.9999883457516241
T106,1.31470319092013e-08
T107,0.9096964105103403
T108,0.0005442462701071302
T109,0.008702592111174039
T110,0.050849628780829124
T111,0.0071631961537587455
T112,4.590462994869133e-06
T113,0.2900190392027248
T114,0.1416991035876983
T115,0.2778511868455752
T116,0.992975070380757
T117,0.0004205137029728376
T118,0.004400842924001933
T119,0.2146085722580445
T120,0.1483029730708314
T121,0.9999999500714527
T122,0.9999936680495335
T123,0.9999993565049164
T124,0.06351072438696047
T125,0.9735048977001016
T126,0.986370937560318
T127,0.9956541220055662
T128,0.9999980705332149
T129,0.9999384247531975
T130,0.9999925255012851
T131,0.9997445045517257
T132,8.678086905000358e-13
T133,0.999995566687747
T134,0.9440023332515576
T135,2.2069138736147654e-13
T136,1.0320682154395596e-12
T137,0.031964847931844884
T138,3.0537719433125525e-07
T139,0.00021294724636376625
T140,0.8121328810629913
T141,0.030362952286163137
T142,0.0011819186482459761
T143,0.04241131775427208
T144,0.05363151144308541
T145,0.3199392948436198
T146,0.5352381851911258
T147,0.9789167081041146
T148,0.1843427906068265
T149,0.9300619235467644
T150,0.001863924381505196
T151,0.0373276711300327
T152,0.4276638396664504
T153,0.00048073504277741967
T154,0.0009954151160060528
T155,0.0002679571814352453
T156,4.3512591386307235e-08
T157,0.9907602656218655
T158,0.0019494174672665646
T159,0.003591190598504155
T160,0.5761007237160481
T161,0.2713591756942769
T162,0.44552923620083523
T163,0.7873461499170735
T164,0.8340884281797548
T165,0.5171265571643481
T166,3.478702882081048e-05
T167,0.7393797547858644
T168,0.9993916772558178
T169,0.9710544515307022
T170,0.42291439207680154
T171,1.0163240325787171e-05
T172,0.0008521592664060653
T173,0.06483150525976855
T174,0.5961025097541308
T175,0.32244808106697526
T176,0.416456890156785
T177,1.103235005046848e-06
T178,0.7395104713861704
T179,0.6382224127339453
T180,0.4459812864431029
T181,0.00040521984868634924
T182,2.2802154275151678e-07
T183,0.2967886774226454
T184,0.3255073250696333
T185,0.022442299937215634
T186,0.0008712073537867935
T187,0.9826445091740199
T188,0.1796409865690108
T189,0.7355298487932499
T190,0.842027912673682
T191,0.9999970550323782
T192,0.9947224921480018
T193,6.8391077399108015e-06
T194,0.9975293010043877
T195,0.7327481917486297
T196,0.30735825921887683
T197,0.999859070446308
T198,0.9558396017552144
T199,0.6780485515967457
T200,0.004944626502454362
T201,0.24095595481616341
T202,3.8935660854808664e-11
T203,0.0017094606480505255
T204,1.2642682928987793e-07
T205,0.00014810466822858824
T206,0.07962886833004586
T207,1.136649199726123e-09
T208,0.00013631700640543315
T209,0.0009984696282424315
T210,0.00016611031343121538
T211,1.3429992551158113e-05
T212,0.9672113039014499
T213,0.9880805968692326
T214,5.882742006701332e-05
T215,0.00025503049273865495
T216,0.1546996289542506
T217,0.016914978810599432
T218,0.0003546341632660589
T219,3.634153125382205e-05
T220,0.5178760946628226
T221,0.9999987087722995
